{
  "MineRLChopATree640-v0": [
    63.876407623291016,
    40.61536407470703,
    118.27033233642578,
    10.598052978515625,
    131.59405517578125,
    11.333159446716309
  ],
  "MineRLCollectDirt640-v0": [
    81.20700073242188,
    32.535953521728516,
    119.52371978759766,
    10.67194652557373,
    123.46626281738281,
    12.125658988952637
  ],
  "MineRLChopATree640Fast-v0": [
    63.876407623291016,
    40.61536407470703,
    118.27033233642578,
    10.598052978515625,
    131.59405517578125,
    11.333159446716309
  ],
  "MineRLCollectDirt640Fast-v0": [
    81.20700073242188,
    32.535953521728516,
    119.52371978759766,
    10.67194652557373,
    123.46626281738281,
    12.125658988952637
  ]
}