{
 "note": "offline=seed-0 model-selection metric; dirt=[mean,sd] over 3 training seeds",
 "offline": {
  "clip_lang_anchor": {
   "bin": 0.9819495409843945,
   "att": 0.9643834352044063,
   "fwd": 0.6159295594371251,
   "move": 0.4067816416491246,
   "camx": 0.8687739953111325,
   "camy": 0.8522479733743875,
   "mae": 0.47859814763069153
  },
  "clip_nolang_anchor": {
   "bin": 0.981992508580591,
   "att": 0.9643508778133343,
   "fwd": 0.6147713860025928,
   "move": 0.43143869147888186,
   "camx": 0.8688290926977597,
   "camy": 0.8520938603944015,
   "mae": 0.4806414842605591
  },
  "llava_lang_anchor": {
   "bin": 0.9810133417047899,
   "att": 0.9621984979565016,
   "fwd": 0.5796288633286596,
   "move": 0.3688119009074569,
   "camx": 0.86764729368025,
   "camy": 0.8509336212238328,
   "mae": 0.48387739062309265
  },
  "llava_nolang_anchor": {
   "bin": 0.9807293373012578,
   "att": 0.9617479685019082,
   "fwd": 0.5389687942536384,
   "move": 0.3676586074537016,
   "camx": 0.8676816297327856,
   "camy": 0.8505535291073903,
   "mae": 0.49054014682769775
  }
 },
 "dirt_seed_mean_sd": {
  "clip_lang_anchor": [
   2.5333333333333337,
   1.2498888839501783
  ],
  "clip_nolang_anchor": [
   1.5999999999999999,
   0.4966554808583779
  ],
  "llava_lang_anchor": [
   0.06666666666666667,
   0.09428090415820635
  ],
  "llava_nolang_anchor": [
   0.46666666666666673,
   0.4496912521077347
  ]
 },
 "film_seed_mean_sd": [
  2.6,
  1.0708252269472673
 ]
}