{
 "note": "3-seed aggregates: A/B/C and success are seed means; dCA & h carry across-seed sd",
 "conditioning": {
  "clip_lang_anchor|attack": {
   "A": 0.8041666666666667,
   "B": 0.7847333333333332,
   "C": 0.38156666666666667,
   "dCA_pp_mean": -42.26,
   "dCA_pp_sd": 10.369477646760545,
   "h_mean": -0.9060833119705217,
   "h_sd": 0.24259823623691978,
   "n_seeds": 3
  },
  "clip_lang_anchor|forward": {
   "A": 0.6472333333333333,
   "B": 0.6684333333333333,
   "C": 0.5658,
   "dCA_pp_mean": -8.143333333333333,
   "dCA_pp_sd": 18.272577510819016,
   "h_mean": -0.18012278403191076,
   "h_sd": 0.37847371172590455,
   "n_seeds": 3
  },
  "clip_nolang_anchor|attack": {
   "A": 0.5886999999999999,
   "B": 0.5899,
   "C": 0.6258666666666667,
   "dCA_pp_mean": 3.7166666666666686,
   "dCA_pp_sd": 2.7173802743737454,
   "h_mean": 0.07542078103993521,
   "h_sd": 0.0553782732295637,
   "n_seeds": 3
  },
  "clip_nolang_anchor|forward": {
   "A": 0.4402,
   "B": 0.4446333333333334,
   "C": 0.4065666666666667,
   "dCA_pp_mean": -3.363333333333333,
   "dCA_pp_sd": 3.636017357249854,
   "h_mean": -0.06865446729999174,
   "h_sd": 0.07450888843839873,
   "n_seeds": 3
  },
  "llava_lang_anchor|attack": {
   "A": 0.4467666666666667,
   "B": 0.4416,
   "C": 0.41723333333333334,
   "dCA_pp_mean": -2.9533333333333345,
   "dCA_pp_sd": 3.6781728555840814,
   "h_mean": -0.062081329172325304,
   "h_sd": 0.07582895812078864,
   "n_seeds": 3
  },
  "llava_lang_anchor|forward": {
   "A": 0.5800333333333333,
   "B": 0.5613666666666667,
   "C": 0.5631333333333334,
   "dCA_pp_mean": -1.6899999999999988,
   "dCA_pp_sd": 1.398594532617179,
   "h_mean": -0.03840573897347296,
   "h_sd": 0.03194791376272361,
   "n_seeds": 3
  },
  "llava_nolang_anchor|attack": {
   "A": 0.5851333333333333,
   "B": 0.6111,
   "C": 0.6084,
   "dCA_pp_mean": 2.3266666666666693,
   "dCA_pp_sd": 4.946623989034226,
   "h_mean": 0.049837324894284794,
   "h_sd": 0.10208343559580317,
   "n_seeds": 3
  },
  "llava_nolang_anchor|forward": {
   "A": 0.43,
   "B": 0.40650000000000003,
   "C": 0.43156666666666665,
   "dCA_pp_mean": 0.15666666666666984,
   "dCA_pp_sd": 1.9800729503957413,
   "h_mean": 0.003382978945646986,
   "h_sd": 0.03967821705363637,
   "n_seeds": 3
  }
 },
 "task": {
  "clip_lang_anchor": {
   "dirt_per_ep_mean": 2.5333333333333337,
   "dirt_per_ep_sd": 1.2498888839501783,
   "success_mean": 0.7999999999999999,
   "n_seeds": 3
  },
  "clip_nolang_anchor": {
   "dirt_per_ep_mean": 1.5999999999999999,
   "dirt_per_ep_sd": 0.4966554808583779,
   "success_mean": 0.6666666666666666,
   "n_seeds": 3
  },
  "llava_lang_anchor": {
   "dirt_per_ep_mean": 0.06666666666666667,
   "dirt_per_ep_sd": 0.09428090415820635,
   "success_mean": 0.03333333333333333,
   "n_seeds": 3
  },
  "llava_nolang_anchor": {
   "dirt_per_ep_mean": 0.46666666666666673,
   "dirt_per_ep_sd": 0.4496912521077347,
   "success_mean": 0.3,
   "n_seeds": 3
  },
  "llava_lang_film": {
   "dirt_per_ep_mean": 2.6,
   "dirt_per_ep_sd": 1.0708252269472673,
   "success_mean": 0.6999999999999998,
   "n_seeds": 3
  }
 },
 "random_floor_pct": {
  "attack": 9.950000000000001,
  "back": 10.43,
  "forward": 10.48,
  "jump": 10.26,
  "left": 9.629999999999999,
  "right": 10.530000000000001,
  "sneak": 9.569999999999999,
  "sprint": 9.93,
  "use": 10.09,
  "drop": 10.22,
  "inventory": 0.0,
  "hotbar.1": 9.94,
  "hotbar.2": 9.98,
  "hotbar.3": 10.65,
  "hotbar.4": 10.22,
  "hotbar.5": 9.69,
  "hotbar.6": 10.5,
  "hotbar.7": 9.9,
  "hotbar.8": 10.299999999999999,
  "hotbar.9": 9.69,
  "ESC": 0.0
 },
 "random_dirt_per_ep": 0.0
}