{
 "conditioning": {
  "clip_lang_anchor|attack": {
   "A": 0.8494,
   "B": 0.7666,
   "C": 0.3699,
   "dCA_pp": -47.95,
   "h": -1.0369478731950086,
   "p": 0.0
  },
  "clip_lang_anchor|forward": {
   "A": 0.7632,
   "B": 0.7115,
   "C": 0.6259,
   "dCA_pp": -13.729999999999997,
   "h": -0.29982114039981256,
   "p": 0.0
  },
  "clip_nolang_anchor|attack": {
   "A": 0.5784,
   "B": 0.5776,
   "C": 0.6397,
   "dCA_pp": 6.130000000000003,
   "h": 0.12571943118904905,
   "p": 0.0
  },
  "clip_nolang_anchor|forward": {
   "A": 0.4392,
   "B": 0.4276,
   "C": 0.3549,
   "dCA_pp": -8.429999999999998,
   "h": -0.17253413893524172,
   "p": 0.0
  },
  "llava_lang_anchor|attack": {
   "A": 0.3488,
   "B": 0.3261,
   "C": 0.2981,
   "dCA_pp": -5.070000000000002,
   "h": -0.10845721961720667,
   "p": 1.7985612998927536e-14
  },
  "llava_lang_anchor|forward": {
   "A": 0.2392,
   "B": 0.2453,
   "C": 0.2412,
   "dCA_pp": 0.20000000000000018,
   "h": 0.004681604114908922,
   "p": 0.7406152053508464
  },
  "llava_nolang_anchor|attack": {
   "A": 0.5442,
   "B": 0.5154,
   "C": 0.5017,
   "dCA_pp": -4.249999999999998,
   "h": -0.08511553473651645,
   "p": 1.7795462881053936e-09
  },
  "llava_nolang_anchor|forward": {
   "A": 0.5274,
   "B": 0.5381,
   "C": 0.5531,
   "dCA_pp": 2.5700000000000056,
   "h": 0.05157318351927165,
   "p": 0.00026597845841136447
  }
 },
 "task": {
  "clip_lang_anchor": {
   "dirt_per_ep": 4.3,
   "ci95": 1.8490603018830942,
   "success": 1.0
  },
  "clip_nolang_anchor": {
   "dirt_per_ep": 2.3,
   "ci95": 1.5474486528907294,
   "success": 0.8
  },
  "llava_lang_anchor": {
   "dirt_per_ep": 0.0,
   "ci95": 0.0,
   "success": 0.0
  },
  "llava_nolang_anchor": {
   "dirt_per_ep": 0.1,
   "ci95": 0.19599999999999998,
   "success": 0.1
  },
  "llava_lang_film": {
   "dirt_per_ep": 4.0,
   "ci95": 1.96,
   "success": 0.9
  }
 },
 "random_floor_pct": {
  "attack": 9.950000000000001,
  "back": 10.43,
  "forward": 10.48,
  "jump": 10.26,
  "left": 9.629999999999999,
  "right": 10.530000000000001,
  "sneak": 9.569999999999999,
  "sprint": 9.93,
  "use": 10.09,
  "drop": 10.22,
  "inventory": 0.0,
  "hotbar.1": 9.94,
  "hotbar.2": 9.98,
  "hotbar.3": 10.65,
  "hotbar.4": 10.22,
  "hotbar.5": 9.69,
  "hotbar.6": 10.5,
  "hotbar.7": 9.9,
  "hotbar.8": 10.299999999999999,
  "hotbar.9": 9.69,
  "ESC": 0.0
 },
 "random_dirt_per_ep": 0.0
}